Column1,model,epochs,train_loss,val_loss,train_acc,val_acc
0,model_2,26,0.955204189,0.131515801,0.956346095,0.955204189
1,model_3,34,0.974176526,0.082288392,0.979973674,0.974176526
2,model_4,31,0.976811588,0.065461308,0.986209929,0.976811588
3,model_5,48,0.966798425,0.103965275,0.968028128,0.966798425
4,model_6,27,0.971805036,0.086816363,0.973386049,0.971805036
5,model_7,18,0.9770751,0.075218774,0.978919625,0.9770751
