Column1,model,epochs,train_loss,val_loss,train_acc,val_acc
0,model_8,46,0.9662714,0.099070899,0.969433486,0.9662714
1,model_9,35,0.976284564,0.070876122,0.984014034,0.976284564
2,model_10,32,0.946508586,0.158202514,0.943258703,0.946508586
3,model_11,48,0.967852414,0.096067876,0.972068489,0.967852414
4,model_12,40,0.976021051,0.068221852,0.985068083,0.976021051
5,model_13,21,0.944664061,0.168746755,0.937549412,0.944664061
