,model,epochs,train_loss,val_loss,train_acc,val_acc
0,model,23,0.6726889610290527,0.026326455175876617,0.6678918600082397,0.6726889610290527
1,model_1,20,0.6770851612091064,0.018399763852357864,0.6727445125579834,0.6770851612091064
2,model_2,19,0.6802579760551453,0.011401962488889694,0.6771676540374756,0.6802579760551453
