,model,epochs,train_loss,val_loss,train_acc,val_acc
0,model,21,0.6726049184799194,0.02651684358716011,0.6676792502403259,0.6726049184799194
1,model_1,19,0.6771429777145386,0.01857045106589794,0.6726891994476318,0.6771429777145386
2,model_2,16,0.6800102591514587,0.01208583451807499,0.67697674036026,0.6800102591514587
