,model,epochs,train_loss,val_loss,train_acc,val_acc
0,model,20,0.6726728081703186,0.02661851793527603,0.667693555355072,0.6726728081703186
1,model_1,20,0.6772239804267883,0.018230898305773735,0.6727977395057678,0.6772239804267883
2,model_2,16,0.6800418496131897,0.011982017196714878,0.6771050095558167,0.6800418496131897
