,model,epochs,train_loss,val_loss,train_acc,val_acc
0,model,17,0.6718288660049438,0.02741057053208351,0.6669731736183167,0.6718288660049438
1,model_1,21,0.6770347952842712,0.018564261496067047,0.6726623773574829,0.6770347952842712
2,model_2,21,0.6803783178329468,0.011049601249396801,0.6773145198822021,0.6803783178329468
