,model,epochs,train_loss,val_loss,train_acc,val_acc
0,model,12,0.6686943769454956,0.031244443729519844,0.6656171083450317,0.6686943769454956
1,model_1,14,0.6745415329933167,0.02254292368888855,0.6709813475608826,0.6745415329933167
2,model_2,13,0.6785714030265808,0.015028711408376694,0.6755610704421997,0.6785714030265808
