,model,epochs,train_loss,val_loss,train_acc,val_acc
0,model,19,0.6699312329292297,0.02961895987391472,0.666590690612793,0.6699312329292297
1,model_1,16,0.6749442219734192,0.02204507403075695,0.6711957454681396,0.6749442219734192
2,model_2,16,0.6789129376411438,0.014240688644349575,0.675986111164093,0.6789129376411438
