,model,epochs,train_loss,val_loss,train_acc,val_acc
0,model,16,0.6699802875518799,0.029468117281794548,0.6663272976875305,0.6699802875518799
1,model_1,20,0.6752655506134033,0.02154657058417797,0.6714840531349182,0.6752655506134033
2,model_2,16,0.6789014935493469,0.014175287447869778,0.6759640574455261,0.6789014935493469
