,model,epochs,train_loss,val_loss,train_acc,val_acc
0,model,12,0.6685559153556824,0.03143833950161934,0.6656484007835388,0.6685559153556824
1,model_1,11,0.6737473607063293,0.02377912402153015,0.6704248785972595,0.6737473607063293
2,model_2,14,0.6786931157112122,0.014540700241923332,0.6757547855377197,0.6786931157112122
