,model,epochs,train_loss,val_loss,train_acc,val_acc
0,model_9,11,0.9857707619667053,0.050639428198337555,0.9956082701683044,0.9857707619667053
1,model_10,51,0.9891963005065918,0.12007786333560944,1.0,0.9891963005065918
2,model_11,46,0.9881423115730286,0.13054755330085754,1.0,0.9881423115730286
