,model,epochs,train_loss,val_loss,train_acc,val_acc
0,model_12,24,0.9873517751693726,0.06321422010660172,1.0,0.9873517751693726
1,model_13,58,0.9881423115730286,0.08590970188379288,1.0,0.9881423115730286
2,model_14,11,0.9876152873039246,0.048194799572229385,0.9995608329772949,0.9876152873039246
