,model,epochs,train_loss,val_loss,train_acc,val_acc
0,model_3,54,0.41291171312332153,1.409497618675232,0.4163372814655304,0.41291171312332153
1,model_5,79,0.8703557252883911,1.010313630104065,0.8668423295021057,0.8703557252883911
