,model,epochs,train_loss,val_loss,train_acc,val_acc
0,model,9,0.9596837759017944,0.12190412729978561,0.9624944925308228,0.9596837759017944
1,model_1,13,0.9689064621925354,0.09780044853687286,0.9718928337097168,0.9689064621925354
2,model_2,10,0.9678524136543274,0.10588202625513077,0.9686429500579834,0.9678524136543274
