,model,epochs,train_loss,val_loss,train_acc,val_acc
0,model_3,54,0.41291171312332153,1.409497618675232,0.4163372814655304,0.41291171312332153
1,model_5,79,0.8703557252883911,1.010313630104065,0.8668423295021057,0.8703557252883911
2,model_6,5,0.9781290888786316,0.07201376557350159,0.9814668297767639,0.9781290888786316
3,model_7,5,0.9802371263504028,0.06324324011802673,0.9837505221366882,0.9802371263504028
4,model_8,4,0.9794466495513916,0.06457240879535675,0.9833992123603821,0.9794466495513916
5,model_9,6,0.9841897487640381,0.05497563257813454,0.9902503490447998,0.9841897487640381
6,model_10,5,0.9847167134284973,0.050587430596351624,0.9899868369102478,0.9847167134284973
7,model_11,6,0.9839262366294861,0.06260848045349121,0.9951691031455994,0.9839262366294861
