,model,epochs,train_loss,val_loss,train_acc,val_acc
0,model_6,14,0.9836627244949341,0.05079074949026108,0.9976284503936768,0.9836627244949341
1,model_7,8,0.9836627244949341,0.052111655473709106,0.9914799928665161,0.9836627244949341
2,model_8,23,0.9876152873039246,0.04339955747127533,1.0,0.9876152873039246
