,model,epochs,train_loss,val_loss,train_acc,val_acc
0,model,47,0.9789196252822876,0.06383031606674194,0.9891963005065918,0.9789196252822876
1,model_1,52,0.9789196252822876,0.060840632766485214,0.9942029118537903,0.9789196252822876
2,model_2,50,0.9833992123603821,0.05131204053759575,0.9943785667419434,0.9833992123603821
